{
  "fSize": {
    "mean": -4.754830507585696e-16,
    "std": 1.0,
    "quantiles": [
      -1.909782086883769,
      -1.090919780505962,
      -0.8155838324518254,
      -0.6042655544789309,
      -0.4081747272210659,
      -0.21002072939632727,
      0.026154050289609203,
      0.34149274849431777,
      0.7496172669498592,
      1.3946403435846324,
      5.448730249768418
    ]
  },
  "miss_parameter": {
    "mean": 5.798573789738653e-17,
    "std": 0.9999999999999999,
    "quantiles": [
      -1.1150943964403248,
      -0.9892459686964123,
      -0.8557219975516126,
      -0.7056737039868203,
      -0.5263432170048308,
      -0.29777514304386155,
      -0.026183678286448058,
      0.3204603906731225,
      0.7828182816416379,
      1.4462601070426997,
      6.241467909130799
    ]
  },
  "fAlpha": {
    "mean": 4.638859031790922e-17,
    "std": 1.0,
    "quantiles": [
      -1.1372957902832475,
      -1.0452279946131324,
      -0.9330776970692696,
      -0.780917178256281,
      -0.5774921952124155,
      -0.3275847357280549,
      0.026476750507799678,
      0.4674139002713501,
      0.9841184029687159,
      1.629306086832642,
      2.361719666093923
    ]
  },
  "shower_density": {
    "mean": -1.812054309293329e-18,
    "std": 1.0,
    "quantiles": [
      -0.017944417622440232,
      -0.017840782522846363,
      -0.017762241250373144,
      -0.017657359961799155,
      -0.017530743146426622,
      -0.01739348014042355,
      -0.0172423241028745,
      -0.01706989881489851,
      -0.016850494012117193,
      -0.016474748703748463,
      95.58690485351126
    ]
  },
  "fWidth": {
    "mean": -1.1597147579477307e-16,
    "std": 1.0,
    "quantiles": [
      -1.2227084874229726,
      -0.6741974320553594,
      -0.5860520202204853,
      -0.5119923251925107,
      -0.40418319839763567,
      -0.2746770191735327,
      -0.14701436537516235,
      0.039359534658481105,
      0.3033147398824139,
      0.869790678402738,
      13.974929819576028
    ]
  },
  "fLength": {
    "mean": -1.1597147579477307e-16,
    "std": 0.9999999999999998,
    "quantiles": [
      -1.0574137662612475,
      -0.773094918026908,
      -0.6999418488956533,
      -0.6170810649505242,
      -0.5156712327629026,
      -0.38933406563297623,
      -0.18848939322543856,
      0.12451234613589111,
      0.6011124831484305,
      1.275205052254411,
      7.180684681570073
    ]
  },
  "conc_ratio": {
    "mean": 3.5371300117405782e-16,
    "std": 0.9999999999999999,
    "quantiles": [
      -1.4922916181994368,
      -0.4412735326282894,
      -0.27633165969708723,
      -0.1610746445308979,
      -0.06566462175476291,
      0.022813461533024396,
      0.10417793200138906,
      0.17880007411504512,
      0.25044172799242775,
      0.3207322478156833,
      111.68233078114545
    ]
  },
  "fM3Trans": {
    "mean": 4.7113412041626555e-18,
    "std": 1.0,
    "quantiles": [
      -10.79088179805422,
      -0.8932258426713287,
      -0.6163102862364073,
      -0.47126447227347923,
      -0.3179095018726445,
      0.03904498608981483,
      0.31332972661922076,
      0.45667370879681185,
      0.5977555638012768,
      0.8763055742769248,
      9.40832722709044
    ]
  },
  "fConc1": {
    "mean": 4.638859031790922e-17,
    "std": 0.9999999999999999,
    "quantiles": [
      -2.050593791146029,
      -1.2105381735232041,
      -0.9256750474535773,
      -0.6621685342416385,
      -0.39740741543957314,
      -0.11738887623196498,
      0.1666859789723448,
      0.5045753791233951,
      0.8788309267181791,
      1.3980319681656193,
      4.002114633264577
    ]
  },
  "fM3Long": {
    "mean": -1.5221256198063964e-17,
    "std": 0.9999999999999999,
    "quantiles": [
      -7.282166551222325,
      -0.8552400427601772,
      -0.5625623862271111,
      -0.38044191145947953,
      -0.050370690897826705,
      0.08695428233859742,
      0.18547415027082825,
      0.3278410890299278,
      0.6169352555618101,
      1.1078279155712218,
      4.700822627751409
    ]
  },
  "m3_magnitude": {
    "mean": 2.551372467485007e-16,
    "std": 1.0,
    "quantiles": [
      -1.0441532529090454,
      -0.7379107439720529,
      -0.6548125603231851,
      -0.5647178951929376,
      -0.48459253797831414,
      -0.3824755566008241,
      -0.22560205184458973,
      0.04552996365749499,
      0.5130796721092353,
      1.234586411030724,
      8.461058134576001
    ]
  },
  "fAsym": {
    "mean": 1.0147504132042643e-17,
    "std": 1.0,
    "quantiles": [
      -8.320371221699581,
      -1.0666289515081357,
      -0.41132581773933863,
      -0.17984221306885004,
      0.012493711358969985,
      0.13594500797013342,
      0.27349467043222425,
      0.3955785909239956,
      0.5562568517010131,
      0.8565392348312753,
      10.568892764354315
    ]
  }
}