{
  "RandomForest": {
    "ROC-AUC": 0.9359366471464386,
    "PR-AUC": 0.9596375404123222,
    "pAUC<=0.2": 0.8489071139358392,
    "TPR@FPR=0.01": 0.30697485806974856,
    "TPR@FPR=0.05": 0.616382806163828,
    "TPR@FPR=0.10": 0.8029197080291971,
    "fit_s": 2.2
  },
  "XGBoost (tuned)": {
    "ROC-AUC": 0.941475704563046,
    "PR-AUC": 0.9628592337513795,
    "pAUC<=0.2": 0.8557612083696104,
    "TPR@FPR=0.01": 0.3491484184914842,
    "TPR@FPR=0.05": 0.6330089213300892,
    "TPR@FPR=0.10": 0.8061638280616383,
    "fit_s": 1.3
  },
  "LightGBM": {
    "ROC-AUC": 0.9405086360818925,
    "PR-AUC": 0.9616724065069716,
    "pAUC<=0.2": 0.8519673216924658,
    "TPR@FPR=0.01": 0.32116788321167883,
    "TPR@FPR=0.05": 0.615977291159773,
    "TPR@FPR=0.10": 0.7960259529602596,
    "fit_s": 3.8
  },
  "SVM-RBF": {
    "ROC-AUC": 0.9212468275774872,
    "PR-AUC": 0.9467517335509307,
    "pAUC<=0.2": 0.8151874363331164,
    "TPR@FPR=0.01": 0.2522303325223033,
    "TPR@FPR=0.05": 0.5332522303325223,
    "TPR@FPR=0.10": 0.7210056772100568,
    "fit_s": 15.7
  },
  "XGBoost+sigmoid (DEPLOYED)": {
    "ROC-AUC": 0.9414758587512605,
    "PR-AUC": 0.9628592407550476,
    "pAUC<=0.2": 0.8557616366702062,
    "TPR@FPR=0.01": 0.3491484184914842,
    "TPR@FPR=0.05": 0.6330089213300892,
    "TPR@FPR=0.10": 0.8061638280616383
  },
  "Stack + sigmoid (5 base)": {
    "ROC-AUC": 0.932791824324116,
    "PR-AUC": 0.9470002972745377,
    "pAUC<=0.2": 0.840626778518224,
    "TPR@FPR=0.01": 0.21451743714517438,
    "TPR@FPR=0.05": 0.6115166261151662,
    "TPR@FPR=0.10": 0.7785888077858881,
    "BestF1": 0.9185502722988889,
    "BestF1Thresh": 0.28943468288479696
  }
}